coarse_grid,comparison,fine_grid,mae,max_abs,rel_l2,rmse,scenario_id,solver,solver_name,target_cfl
32,32_vs_restricted_64,64,5.003208334022506e-05,0.002362948266604714,0.07002248823193158,0.00021419976481897526,conv_0000,Hydrostatic,swe_hydrostatic,0.3
64,64_vs_restricted_128,128,2.7049881163549615e-05,0.0015240338318874835,0.03778669343811751,0.00012106499203008784,conv_0000,Hydrostatic,swe_hydrostatic,0.3
32,32_vs_restricted_128,128,7.630598562334486e-05,0.0037374896552212072,0.10495387836514401,0.000330906372260928,conv_0000,Hydrostatic,swe_hydrostatic,0.3
32,32_vs_restricted_64,64,4.9774535682647696e-05,0.0026121810196987894,0.07148242225344931,0.00022078134191293495,conv_0000,Hydrostatic,swe_hydrostatic,0.45
64,64_vs_restricted_128,128,2.3167989670632518e-05,0.0014857857920910766,0.033492769503878604,0.00010788155646840826,conv_0000,Hydrostatic,swe_hydrostatic,0.45
32,32_vs_restricted_128,128,7.23594353827782e-05,0.003925827743668009,0.10238136086341536,0.00032449516730651137,conv_0000,Hydrostatic,swe_hydrostatic,0.45
32,32_vs_restricted_64,64,3.408100790975704e-05,0.002501397452963794,0.06775655880421029,0.00018023305663742448,conv_0001,Hydrostatic,swe_hydrostatic,0.3
64,64_vs_restricted_128,128,1.898779785368526e-05,0.0015895035890635123,0.038102960253144205,0.00010570779516361306,conv_0001,Hydrostatic,swe_hydrostatic,0.3
32,32_vs_restricted_128,128,5.256428888529769e-05,0.003977549899321586,0.10294609699285238,0.00028144779027399305,conv_0001,Hydrostatic,swe_hydrostatic,0.3
32,32_vs_restricted_64,64,3.457226335684064e-05,0.0028221923576263186,0.07112723686027138,0.00019092213412346697,conv_0001,Hydrostatic,swe_hydrostatic,0.45
64,64_vs_restricted_128,128,1.6103184236626028e-05,0.0015740753009096942,0.03420850449920985,9.53903603895499e-05,conv_0001,Hydrostatic,swe_hydrostatic,0.45
32,32_vs_restricted_128,128,5.025866425830692e-05,0.004255535946889544,0.10257710368272009,0.00028184500859256885,conv_0001,Hydrostatic,swe_hydrostatic,0.45
32,32_vs_restricted_64,64,5.490018893754099e-05,0.0015787594222702594,0.04086323884752446,0.00016545032664051217,conv_0002,Hydrostatic,swe_hydrostatic,0.3
64,64_vs_restricted_128,128,2.8904175296974344e-05,0.0009976973581620752,0.021893049691639407,9.06888918956671e-05,conv_0002,Hydrostatic,swe_hydrostatic,0.3
32,32_vs_restricted_128,128,8.318684577840344e-05,0.00247524378030288,0.061707519001415995,0.00025360159050191706,conv_0002,Hydrostatic,swe_hydrostatic,0.3
32,32_vs_restricted_64,64,5.285513895838634e-05,0.001680763870677504,0.04053714815993302,0.00016494956764636444,conv_0002,Hydrostatic,swe_hydrostatic,0.45
64,64_vs_restricted_128,128,2.4457059175347944e-05,0.0009267317833134836,0.01906011349157839,7.916988252872638e-05,conv_0002,Hydrostatic,swe_hydrostatic,0.45
32,32_vs_restricted_128,128,7.692713120944553e-05,0.0025042165977563896,0.05868245095097986,0.00024181838040730498,conv_0002,Hydrostatic,swe_hydrostatic,0.45
32,32_vs_restricted_64,64,2.2975707204753257e-05,0.0008479310745289625,0.03379193756594982,8.36860404947557e-05,conv_0003,Hydrostatic,swe_hydrostatic,0.3
64,64_vs_restricted_128,128,1.1586596004584655e-05,0.00047685424913312957,0.017298038309406818,4.366035021197962e-05,conv_0003,Hydrostatic,swe_hydrostatic,0.3
32,32_vs_restricted_128,128,3.448862062025607e-05,0.0012929597647985264,0.05045831494519393,0.00012654380894820902,conv_0003,Hydrostatic,swe_hydrostatic,0.3
32,32_vs_restricted_64,64,2.1457536222178593e-05,0.0008309455529026955,0.03214259230787983,7.995564266672321e-05,conv_0003,Hydrostatic,swe_hydrostatic,0.45
64,64_vs_restricted_128,128,9.69726997671416e-06,0.0004129996082494758,0.014677931759893027,3.7136720872576995e-05,conv_0003,Hydrostatic,swe_hydrostatic,0.45
32,32_vs_restricted_128,128,3.1111067485499374e-05,0.0012152830464283448,0.04630531207307867,0.00011640618447711734,conv_0003,Hydrostatic,swe_hydrostatic,0.45
32,32_vs_restricted_64,64,4.2981621407063976e-05,0.0012956529212788115,0.03811371978437449,0.00014954139405825982,conv_0004,Hydrostatic,swe_hydrostatic,0.3
64,64_vs_restricted_128,128,2.2430631179669037e-05,0.0008082854791439109,0.02030364698703301,8.140775445999506e-05,conv_0004,Hydrostatic,swe_hydrostatic,0.3
32,32_vs_restricted_128,128,6.474540025270625e-05,0.0020579127877787123,0.05747644299253362,0.0002287459987095637,conv_0004,Hydrostatic,swe_hydrostatic,0.3
32,32_vs_restricted_64,64,4.10177783913122e-05,0.0014574872707230346,0.03756817143655044,0.00014812013361174185,conv_0004,Hydrostatic,swe_hydrostatic,0.45
64,64_vs_restricted_128,128,1.9041565048259833e-05,0.0007946643807289488,0.017659734229038878,7.09953031706055e-05,conv_0004,Hydrostatic,swe_hydrostatic,0.45
32,32_vs_restricted_128,128,5.949630338891542e-05,0.002193527678892526,0.05440094456214443,0.000217073869879695,conv_0004,Hydrostatic,swe_hydrostatic,0.45
32,32_vs_restricted_64,64,9.123051641116186e-05,0.002484397025639906,0.03851496756592324,0.0002588102064666368,conv_0005,Hydrostatic,swe_hydrostatic,0.3
64,64_vs_restricted_128,128,4.722548187084556e-05,0.001506034687386415,0.02041299537951434,0.0001401740348443722,conv_0005,Hydrostatic,swe_hydrostatic,0.3
32,32_vs_restricted_128,128,0.0001374838224443651,0.003905713843518663,0.05798374463434889,0.00039523550460001153,conv_0005,Hydrostatic,swe_hydrostatic,0.3
32,32_vs_restricted_64,64,8.61985973789826e-05,0.002665799114598133,0.03775599290369059,0.000254933028019348,conv_0005,Hydrostatic,swe_hydrostatic,0.45
64,64_vs_restricted_128,128,3.997916318751021e-05,0.0014129932071398899,0.017791705226292975,0.00012249725620025345,conv_0005,Hydrostatic,swe_hydrostatic,0.45
32,32_vs_restricted_128,128,0.00012531448443034495,0.003990564756322354,0.054729658305142675,0.00037402832952077426,conv_0005,Hydrostatic,swe_hydrostatic,0.45
32,32_vs_restricted_64,64,9.134662065631688e-05,0.0025879553115821796,0.05458057059099521,0.00028228653142801853,conv_0006,Hydrostatic,swe_hydrostatic,0.3
64,64_vs_restricted_128,128,4.947553728047075e-05,0.001578324324575886,0.030157450744105873,0.00016095013512113844,conv_0006,Hydrostatic,swe_hydrostatic,0.3
32,32_vs_restricted_128,128,0.00013964808918233673,0.004052771536590866,0.08283863371817453,0.0004372712124672342,conv_0006,Hydrostatic,swe_hydrostatic,0.3
32,32_vs_restricted_64,64,8.993327160167723e-05,0.002711511228024266,0.055665054407037694,0.00028966606952588516,conv_0006,Hydrostatic,swe_hydrostatic,0.45
64,64_vs_restricted_128,128,4.317756369321882e-05,0.0015515960028909537,0.027177171951780738,0.0001455647286159568,conv_0006,Hydrostatic,swe_hydrostatic,0.45
32,32_vs_restricted_128,128,0.00013199972442062862,0.004054108861357084,0.08111179457496556,0.00042965739183954926,conv_0006,Hydrostatic,swe_hydrostatic,0.45
32,32_vs_restricted_64,64,2.7544951695450696e-05,0.0019696488091277553,0.06589787634013043,0.00014360993067364224,conv_0007,Hydrostatic,swe_hydrostatic,0.3
64,64_vs_restricted_128,128,1.5192174852489895e-05,0.0012588606451767181,0.03689315490922345,8.375837982093438e-05,conv_0007,Hydrostatic,swe_hydrostatic,0.3
32,32_vs_restricted_128,128,4.2213853040267e-05,0.0031322223186485837,0.10002988824673854,0.00022386365213346247,conv_0007,Hydrostatic,swe_hydrostatic,0.3
32,32_vs_restricted_64,64,2.7425056045624172e-05,0.0022039630749471906,0.06864013538053931,0.00015082710076765285,conv_0007,Hydrostatic,swe_hydrostatic,0.45
64,64_vs_restricted_128,128,1.3106329522319499e-05,0.0012318330156291801,0.03335044903589595,7.607715216907919e-05,conv_0007,Hydrostatic,swe_hydrostatic,0.45
32,32_vs_restricted_128,128,4.012667417065497e-05,0.0033239869833441016,0.0994079735161491,0.00022351109946318104,conv_0007,Hydrostatic,swe_hydrostatic,0.45
32,32_vs_restricted_64,64,3.104919875776741e-05,0.0021020480305866673,0.06009179848681464,0.0001555602448858054,conv_0008,Hydrostatic,swe_hydrostatic,0.3
64,64_vs_restricted_128,128,1.712062813292905e-05,0.001307359192017632,0.03334836816149005,8.955812604739763e-05,conv_0008,Hydrostatic,swe_hydrostatic,0.3
32,32_vs_restricted_128,128,4.7554322023819176e-05,0.0033196681967727903,0.0911985165420049,0.0002418207105927353,conv_0008,Hydrostatic,swe_hydrostatic,0.3
32,32_vs_restricted_64,64,3.109816591951328e-05,0.002300336919937973,0.06222764676620041,0.00016246864171342662,conv_0008,Hydrostatic,swe_hydrostatic,0.45
64,64_vs_restricted_128,128,1.4198322944077827e-05,0.0012263687841200244,0.029070414517989484,7.843042380899238e-05,conv_0008,Hydrostatic,swe_hydrostatic,0.45
32,32_vs_restricted_128,128,4.487740791263433e-05,0.00342853269731469,0.0892500161906004,0.00023772571879283303,conv_0008,Hydrostatic,swe_hydrostatic,0.45
32,32_vs_restricted_64,64,4.6536904102873746e-05,0.0019292008605332756,0.0482188963021574,0.00018847104511733674,conv_0009,Hydrostatic,swe_hydrostatic,0.3
64,64_vs_restricted_128,128,2.4956802269799025e-05,0.0011274446901282098,0.026320703464691814,0.00010586718128168774,conv_0009,Hydrostatic,swe_hydrostatic,0.3
32,32_vs_restricted_128,128,7.086786736467935e-05,0.0030129867610687727,0.07308678521064917,0.0002910505593156216,conv_0009,Hydrostatic,swe_hydrostatic,0.3
32,32_vs_restricted_64,64,4.620117297998315e-05,0.001977915903424554,0.04879968022418331,0.0001919783934694224,conv_0009,Hydrostatic,swe_hydrostatic,0.45
64,64_vs_restricted_128,128,2.1101149035451013e-05,0.0009836015633371553,0.02273687964508542,9.177005793529451e-05,conv_0009,Hydrostatic,swe_hydrostatic,0.45
32,32_vs_restricted_128,128,6.676154529964621e-05,0.002910888434339523,0.07025493561234514,0.00028072806418537425,conv_0009,Hydrostatic,swe_hydrostatic,0.45
32,32_vs_restricted_64,64,8.555281809703177e-05,0.0016770080563082157,0.03708913079409998,0.0002325381502924021,conv_0010,Hydrostatic,swe_hydrostatic,0.3
64,64_vs_restricted_128,128,4.4475281905689e-05,0.001073491952142236,0.01969824033582457,0.00012566485223870658,conv_0010,Hydrostatic,swe_hydrostatic,0.3
32,32_vs_restricted_128,128,0.00012906341491385865,0.002636382615794755,0.05586836581825245,0.0003543031018487255,conv_0010,Hydrostatic,swe_hydrostatic,0.3
32,32_vs_restricted_64,64,8.194470315438284e-05,0.0018707125550837533,0.03670540988830519,0.00023093409707945843,conv_0010,Hydrostatic,swe_hydrostatic,0.45
64,64_vs_restricted_128,128,3.916972306895736e-05,0.00105055527293757,0.01771185362418634,0.00011322549548154733,conv_0010,Hydrostatic,swe_hydrostatic,0.45
32,32_vs_restricted_128,128,0.0001202890711007557,0.002800206073824557,0.05359969209412785,0.0003406017892809647,conv_0010,Hydrostatic,swe_hydrostatic,0.45
32,32_vs_restricted_64,64,6.748764624144477e-05,0.0021955870679894463,0.050380901472012685,0.0002489146508963293,conv_0011,Hydrostatic,swe_hydrostatic,0.3
64,64_vs_restricted_128,128,3.5897934135399525e-05,0.0012799428211570651,0.02680293762484654,0.00013685546045717843,conv_0011,Hydrostatic,swe_hydrostatic,0.3
32,32_vs_restricted_128,128,0.00010275022557759288,0.0034198297252567428,0.07572915325872308,0.00038233699730312354,conv_0011,Hydrostatic,swe_hydrostatic,0.3
32,32_vs_restricted_64,64,6.611188277795267e-05,0.0022929967311607347,0.05016098184268125,0.0002498216049285824,conv_0011,Hydrostatic,swe_hydrostatic,0.45
64,64_vs_restricted_128,128,2.9440874596766038e-05,0.0011274335807874292,0.02248627967181112,0.00011529035825890776,conv_0011,Hydrostatic,swe_hydrostatic,0.45
32,32_vs_restricted_128,128,9.499730811293809e-05,0.0033653013459601228,0.07142025875791586,0.00036205957691409416,conv_0011,Hydrostatic,swe_hydrostatic,0.45
32,32_vs_restricted_64,64,3.8931936807537005e-05,0.0020819628145411495,0.054494651980144436,0.00017408626089793943,conv_0000,MUSCL-HR,swe_muscl_hr,0.3
64,64_vs_restricted_128,128,1.2491277120423342e-05,0.0015012575687795016,0.020994681818576305,6.911752078413985e-05,conv_0000,MUSCL-HR,swe_muscl_hr,0.3
32,32_vs_restricted_128,128,5.037636601953587e-05,0.0032297488326534923,0.07232287854167942,0.00023416314529985222,conv_0000,MUSCL-HR,swe_muscl_hr,0.3
32,32_vs_restricted_64,64,4.128826552207167e-05,0.0022549336435774836,0.05831936967949929,0.00018612931912764835,conv_0000,MUSCL-HR,swe_muscl_hr,0.45
64,64_vs_restricted_128,128,1.329996299217367e-05,0.0016213624165878904,0.02271198148932546,7.475399214959637e-05,conv_0000,MUSCL-HR,swe_muscl_hr,0.45
32,32_vs_restricted_128,128,5.3240684705908696e-05,0.003510422487022366,0.07745317455029262,0.00025071809814533445,conv_0000,MUSCL-HR,swe_muscl_hr,0.45
32,32_vs_restricted_64,64,2.967708832181203e-05,0.002521704594672769,0.05743751761048661,0.0001584887640903433,conv_0001,MUSCL-HR,swe_muscl_hr,0.3
64,64_vs_restricted_128,128,1.0746112557845973e-05,0.0017647561893326946,0.025561141069384653,7.266600571869182e-05,conv_0001,MUSCL-HR,swe_muscl_hr,0.3
32,32_vs_restricted_128,128,3.8768058911414327e-05,0.003868394260658714,0.07831428327182223,0.00021926608361185677,conv_0001,MUSCL-HR,swe_muscl_hr,0.3
32,32_vs_restricted_64,64,3.154302260688547e-05,0.0028589292768515517,0.062195833067368436,0.00017141698932461396,conv_0001,MUSCL-HR,swe_muscl_hr,0.45
64,64_vs_restricted_128,128,1.1488705566024032e-05,0.0019347450997188598,0.028086643149611523,7.982219543518886e-05,conv_0001,MUSCL-HR,swe_muscl_hr,0.45
32,32_vs_restricted_128,128,4.118083805937406e-05,0.004350325181429998,0.08512211690277435,0.00023826091847877235,conv_0001,MUSCL-HR,swe_muscl_hr,0.45
32,32_vs_restricted_64,64,3.6190933226184824e-05,0.0014289556425854388,0.030296607677691538,0.000125538089968072,conv_0002,MUSCL-HR,swe_muscl_hr,0.3
64,64_vs_restricted_128,128,1.1012691949210219e-05,0.0006120745851936338,0.01024971411157753,4.30517617344005e-05,conv_0002,MUSCL-HR,swe_muscl_hr,0.3
32,32_vs_restricted_128,128,4.621850061346729e-05,0.0019770589495149288,0.03969442773208028,0.00016536868900893266,conv_0002,MUSCL-HR,swe_muscl_hr,0.3
32,32_vs_restricted_64,64,3.778092497240922e-05,0.001540354207212824,0.032013449700180927,0.00013261280546309444,conv_0002,MUSCL-HR,swe_muscl_hr,0.45
64,64_vs_restricted_128,128,1.1465308118198639e-05,0.0006416031161012303,0.010904141413641164,4.5797183418536194e-05,conv_0002,MUSCL-HR,swe_muscl_hr,0.45
32,32_vs_restricted_128,128,4.7899340188979034e-05,0.00213166194203597,0.042040021284939104,0.00017512810373138577,conv_0002,MUSCL-HR,swe_muscl_hr,0.45
32,32_vs_restricted_64,64,1.3017676101284266e-05,0.0006694051712191618,0.021701956811837016,5.486892963638086e-05,conv_0003,MUSCL-HR,swe_muscl_hr,0.3
64,64_vs_restricted_128,128,3.754728026225749e-06,0.00024846206448492225,0.006737326469840905,1.720663006318137e-05,conv_0003,MUSCL-HR,swe_muscl_hr,0.3
32,32_vs_restricted_128,128,1.615245015660797e-05,0.0008597318829202949,0.027605258101401447,7.004285455170202e-05,conv_0003,MUSCL-HR,swe_muscl_hr,0.3
32,32_vs_restricted_64,64,1.3536024337347486e-05,0.000694780304205167,0.022619927942138175,5.718016505889328e-05,conv_0003,MUSCL-HR,swe_muscl_hr,0.45
64,64_vs_restricted_128,128,3.86595336957326e-06,0.00026504383784670127,0.007061882165654808,1.803471359686384e-05,conv_0003,MUSCL-HR,swe_muscl_hr,0.45
32,32_vs_restricted_128,128,1.6779350671810407e-05,0.0008883593957458857,0.028746271296948976,7.293475852725878e-05,conv_0003,MUSCL-HR,swe_muscl_hr,0.45
32,32_vs_restricted_64,64,2.95697296076619e-05,0.0015276426067316051,0.02844967047008033,0.00011418053221832038,conv_0004,MUSCL-HR,swe_muscl_hr,0.3
64,64_vs_restricted_128,128,9.357837901992295e-06,0.000610473783657639,0.009877715560712916,4.013273386462102e-05,conv_0004,MUSCL-HR,swe_muscl_hr,0.3
32,32_vs_restricted_128,128,3.734119212998443e-05,0.0020269152135538454,0.036716636270856154,0.00014805148162159654,conv_0004,MUSCL-HR,swe_muscl_hr,0.3
32,32_vs_restricted_64,64,3.0386109181755735e-05,0.0017591723486673483,0.030107649617320754,0.00012080436619442436,conv_0004,MUSCL-HR,swe_muscl_hr,0.45
64,64_vs_restricted_128,128,9.81227489761641e-06,0.0006452295350826143,0.01056492906397843,4.29219982668164e-05,conv_0004,MUSCL-HR,swe_muscl_hr,0.45
32,32_vs_restricted_128,128,3.8522167809531605e-05,0.002297763979993747,0.03886215128980745,0.00015669302150270856,conv_0004,MUSCL-HR,swe_muscl_hr,0.45
32,32_vs_restricted_64,64,5.6848386154210626e-05,0.0025541571518140627,0.027626174243391748,0.00018991684824432888,conv_0005,MUSCL-HR,swe_muscl_hr,0.3
64,64_vs_restricted_128,128,1.7278997717815327e-05,0.001087483370496689,0.00947755466397682,6.595494552051963e-05,conv_0005,MUSCL-HR,swe_muscl_hr,0.3
32,32_vs_restricted_128,128,7.178477531975503e-05,0.00349229501451577,0.03572446731046103,0.0002467295335583516,conv_0005,MUSCL-HR,swe_muscl_hr,0.3
32,32_vs_restricted_64,64,5.907092868795888e-05,0.0027835862661765853,0.029246993641916387,0.00020100998706425828,conv_0005,MUSCL-HR,swe_muscl_hr,0.45
64,64_vs_restricted_128,128,1.7989962300218534e-05,0.0011418480665931208,0.010097817551667125,7.026687055145657e-05,conv_0005,MUSCL-HR,swe_muscl_hr,0.45
32,32_vs_restricted_128,128,7.432793180921018e-05,0.003778373339198088,0.03781320472468589,0.00026113925577016446,conv_0005,MUSCL-HR,swe_muscl_hr,0.45
32,32_vs_restricted_64,64,7.317587543381157e-05,0.0025319062531930503,0.04535658772829749,0.00024160364113646733,conv_0006,MUSCL-HR,swe_muscl_hr,0.3
64,64_vs_restricted_128,128,2.3239287814335298e-05,0.0010529403320074238,0.01612219593512638,8.768190615837349e-05,conv_0006,MUSCL-HR,swe_muscl_hr,0.3
32,32_vs_restricted_128,128,9.480704267671754e-05,0.0033718011477715665,0.05986863655351066,0.00032186231224552914,conv_0006,MUSCL-HR,swe_muscl_hr,0.3
32,32_vs_restricted_64,64,7.786896052555193e-05,0.002698532716634061,0.048575839136331456,0.0002586016335477291,conv_0006,MUSCL-HR,swe_muscl_hr,0.45
64,64_vs_restricted_128,128,2.446935840640667e-05,0.001134338699806392,0.0173634121496286,9.441842495875946e-05,conv_0006,MUSCL-HR,swe_muscl_hr,0.45
32,32_vs_restricted_128,128,0.00010037610656876725,0.00357669336118821,0.06408730292660514,0.00034449366054272086,conv_0006,MUSCL-HR,swe_muscl_hr,0.45
32,32_vs_restricted_64,64,2.3765199242768958e-05,0.002056783442812682,0.05634654187371434,0.00012736403604742322,conv_0007,MUSCL-HR,swe_muscl_hr,0.3
64,64_vs_restricted_128,128,8.05966762067173e-06,0.0009503139755612233,0.022241456904020965,5.171409616057132e-05,conv_0007,MUSCL-HR,swe_muscl_hr,0.3
32,32_vs_restricted_128,128,3.0585097567670813e-05,0.002923172528731352,0.07483559700743121,0.00017141981170825383,conv_0007,MUSCL-HR,swe_muscl_hr,0.3
32,32_vs_restricted_64,64,2.493484888925311e-05,0.002301842733968551,0.06079351837192834,0.0001372823151824921,conv_0007,MUSCL-HR,swe_muscl_hr,0.45
64,64_vs_restricted_128,128,8.559471996018764e-06,0.0010361775850935562,0.024257671670772068,5.638802036589928e-05,conv_0007,MUSCL-HR,swe_muscl_hr,0.45
32,32_vs_restricted_128,128,3.196283569339932e-05,0.003250919939480304,0.08081233160130272,0.0001850671005672117,conv_0007,MUSCL-HR,swe_muscl_hr,0.45
32,32_vs_restricted_64,64,2.58866982172056e-05,0.0022203408932571223,0.05112511388890633,0.00013692063119434374,conv_0008,MUSCL-HR,swe_muscl_hr,0.3
64,64_vs_restricted_128,128,7.980710964277754e-06,0.0009058754157840743,0.017978339712150262,4.932038746283083e-05,conv_0008,MUSCL-HR,swe_muscl_hr,0.3
32,32_vs_restricted_128,128,3.2878076977346365e-05,0.0030324057990889774,0.0664813082927194,0.00017999675817539435,conv_0008,MUSCL-HR,swe_muscl_hr,0.3
32,32_vs_restricted_64,64,2.7124513267764994e-05,0.002434456160042453,0.05480735697643288,0.0001466585834562025,conv_0008,MUSCL-HR,swe_muscl_hr,0.45
64,64_vs_restricted_128,128,8.564429253631671e-06,0.0009760943234466413,0.019743043998656354,5.4150080508728944e-05,conv_0008,MUSCL-HR,swe_muscl_hr,0.45
32,32_vs_restricted_128,128,3.44743955079868e-05,0.0033200508685811564,0.07151421993407707,0.00019358475195484118,conv_0008,MUSCL-HR,swe_muscl_hr,0.45
32,32_vs_restricted_64,64,3.3683411555250826e-05,0.0016880486952380314,0.0375186026572139,0.00015083369728752648,conv_0009,MUSCL-HR,swe_muscl_hr,0.3
64,64_vs_restricted_128,128,1.0935856041582661e-05,0.0006915478896761251,0.012986126698475034,5.31316564895043e-05,conv_0009,MUSCL-HR,swe_muscl_hr,0.3
32,32_vs_restricted_128,128,4.362902040583288e-05,0.00229888883194429,0.048993528746610955,0.00019839457832316658,conv_0009,MUSCL-HR,swe_muscl_hr,0.3
32,32_vs_restricted_64,64,3.5146821415222575e-05,0.0017587600519626823,0.03940829467379488,0.00015835942599749906,conv_0009,MUSCL-HR,swe_muscl_hr,0.45
64,64_vs_restricted_128,128,1.1538077283828409e-05,0.0007050124499605737,0.013905579878688052,5.688725431585134e-05,conv_0009,MUSCL-HR,swe_muscl_hr,0.45
32,32_vs_restricted_128,128,4.5579515056354844e-05,0.0023783907198465654,0.05164227943331573,0.0002090983290969371,conv_0009,MUSCL-HR,swe_muscl_hr,0.45
32,32_vs_restricted_64,64,5.527325314089068e-05,0.0016510251457742542,0.02637874637550589,0.0001683831394967406,conv_0010,MUSCL-HR,swe_muscl_hr,0.3
64,64_vs_restricted_128,128,1.779513093558151e-05,0.0007967448648058539,0.00948035411018258,6.113603937671599e-05,conv_0010,MUSCL-HR,swe_muscl_hr,0.3
32,32_vs_restricted_128,128,7.07955665006603e-05,0.0023594668264460966,0.03460681354429111,0.00022179721883718509,conv_0010,MUSCL-HR,swe_muscl_hr,0.3
32,32_vs_restricted_64,64,5.878139661850832e-05,0.0018531623053287816,0.02844337702184602,0.00018151993370049433,conv_0010,MUSCL-HR,swe_muscl_hr,0.45
64,64_vs_restricted_128,128,1.880704492837818e-05,0.0008520459688650117,0.010193204858460318,6.572887155995864e-05,conv_0010,MUSCL-HR,swe_muscl_hr,0.45
32,32_vs_restricted_128,128,7.508108346676506e-05,0.0026213800164273104,0.037290222120310954,0.00023898119130772157,conv_0010,MUSCL-HR,swe_muscl_hr,0.45
32,32_vs_restricted_64,64,4.824023846178901e-05,0.001994494165644678,0.03763808622361415,0.00019223418695328893,conv_0011,MUSCL-HR,swe_muscl_hr,0.3
64,64_vs_restricted_128,128,1.4801985639685601e-05,0.0009445631842989188,0.012552507591318391,6.536030415271882e-05,conv_0011,MUSCL-HR,swe_muscl_hr,0.3
32,32_vs_restricted_128,128,6.071589456284095e-05,0.002653316874791603,0.04836161222599639,0.00024893777475201685,conv_0011,MUSCL-HR,swe_muscl_hr,0.3
32,32_vs_restricted_64,64,5.042883236606007e-05,0.002115371493534801,0.03941784018987877,0.000201231840263283,conv_0011,MUSCL-HR,swe_muscl_hr,0.45
64,64_vs_restricted_128,128,1.540930953128911e-05,0.0009588960756558573,0.013277461815003923,6.912739813204035e-05,conv_0011,MUSCL-HR,swe_muscl_hr,0.45
32,32_vs_restricted_128,128,6.344144780853712e-05,0.0028202916257902694,0.05073149557658505,0.0002611085036964253,conv_0011,MUSCL-HR,swe_muscl_hr,0.45
